{"cameraMode":{"drawMode":0,"name":"Shaded","section":"Shading Mode"},"sceneLighting":false,"audioPlay":false,"sceneViewState":{"showFog":true,"showMaterialUpdate":false,"showSkybox":true,"showFlares":true,"showImageEffects":true,"showParticleSystems":true},"in2DMode":false,"pivot":{"x":0.04674607515335083,"y":0.862646758556366,"z":0.15263617038726808},"rotation":{"x":-0.293166846036911,"y":-0.15767636895179749,"z":0.04909095540642738,"w":-0.9416908025741577},"size":4.567553997039795,"orthographic":false}