{"cameraMode":{"drawMode":0,"name":"Shaded","section":"Shading Mode"},"sceneLighting":false,"audioPlay":false,"sceneViewState":{"showFog":true,"showMaterialUpdate":false,"showSkybox":true,"showFlares":true,"showImageEffects":true,"showParticleSystems":true},"in2DMode":false,"pivot":{"x":0.00225903932005167,"y":0.05154483765363693,"z":0.01167309284210205},"rotation":{"x":-0.293166846036911,"y":-0.15767636895179749,"z":0.04909095540642738,"w":-0.9416908025741577},"size":36.77703094482422,"orthographic":false}