{"cameraMode":{"drawMode":0,"name":"Shaded","section":"Shading Mode"},"sceneLighting":true,"audioPlay":false,"sceneViewState":{"showFog":true,"showMaterialUpdate":false,"showSkybox":true,"showFlares":true,"showImageEffects":true,"showParticleSystems":true},"in2DMode":false,"pivot":{"x":-0.008455523289740086,"y":0.04425133764743805,"z":0.027600247412919999},"rotation":{"x":-0.04460010677576065,"y":-0.9445258378982544,"z":0.1445009559392929,"w":-0.29154977202415469},"size":0.835070788860321,"orthographic":false}